method,degree,gridSize,runtimeSeconds,maxAbsoluteError,meanAbsoluteError,matlabRelease,platform,nondominated
directTaylor,3,20001,0.000692792,2.02612012646018,0.357835062521669,26.1.0.3346908 (R2026a) Update 5,GLNXA64,0
recurrenceTaylor,3,20001,4.1292e-05,2.02612012646018,0.357835062521669,26.1.0.3346908 (R2026a) Update 5,GLNXA64,1
reducedTaylor,3,20001,0.000838742,0.0155319187205899,0.00176752224590682,26.1.0.3346908 (R2026a) Update 5,GLNXA64,0
chebyshevClenshaw,3,20001,9.48086666666667e-05,0.195371783667775,0.0677419110822676,26.1.0.3346908 (R2026a) Update 5,GLNXA64,0
directTaylor,5,20001,0.001477742,0.524043913417169,0.0672985396054601,26.1.0.3346908 (R2026a) Update 5,GLNXA64,0
recurrenceTaylor,5,20001,6.76353333333333e-05,0.524043913417169,0.0672985396054601,26.1.0.3346908 (R2026a) Update 5,GLNXA64,1
reducedTaylor,5,20001,0.000884792,0.000322425523225589,2.53559212114269e-05,26.1.0.3346908 (R2026a) Update 5,GLNXA64,0
chebyshevClenshaw,5,20001,0.000123275333333333,0.0131927653753734,0.00443307948270966,26.1.0.3346908 (R2026a) Update 5,GLNXA64,0
directTaylor,7,20001,0.002358742,0.0752206159036232,0.00763574656750592,26.1.0.3346908 (R2026a) Update 5,GLNXA64,0
recurrenceTaylor,7,20001,9.31965454545454e-05,0.0752206159036233,0.00763574656750592,26.1.0.3346908 (R2026a) Update 5,GLNXA64,1
reducedTaylor,7,20001,0.000927742,3.5663637018013e-06,2.13962582863714e-07,26.1.0.3346908 (R2026a) Update 5,GLNXA64,0
chebyshevClenshaw,7,20001,0.000149399142857143,0.000488501698456172,0.000161267411574308,26.1.0.3346908 (R2026a) Update 5,GLNXA64,0
directTaylor,9,20001,0.003372742,0.00692527070750501,0.000582539089748743,26.1.0.3346908 (R2026a) Update 5,GLNXA64,0
recurrenceTaylor,9,20001,0.000118942,0.00692527070750493,0.000582539089748745,26.1.0.3346908 (R2026a) Update 5,GLNXA64,0
reducedTaylor,9,20001,0.000989792,2.44967467422086e-08,1.18720157310236e-09,26.1.0.3346908 (R2026a) Update 5,GLNXA64,0
chebyshevClenshaw,9,20001,0.0001390795,1.1512071444782e-05,3.76129115317734e-06,26.1.0.3346908 (R2026a) Update 5,GLNXA64,0
directTaylor,11,20001,0.004479742,0.000445160238209335,3.20013511483099e-05,26.1.0.3346908 (R2026a) Update 5,GLNXA64,0
recurrenceTaylor,11,20001,0.000145256285714286,0.00044516023820942,3.20013511483083e-05,26.1.0.3346908 (R2026a) Update 5,GLNXA64,0
reducedTaylor,11,20001,0.001035742,1.14622755731375e-10,4.65789386530617e-12,26.1.0.3346908 (R2026a) Update 5,GLNXA64,0
chebyshevClenshaw,11,20001,0.000158827714285714,1.88425173524661e-07,6.11639112017854e-08,26.1.0.3346908 (R2026a) Update 5,GLNXA64,0
directTaylor,13,20001,0.005672742,2.11425675582771e-05,1.32764586286003e-06,26.1.0.3346908 (R2026a) Update 5,GLNXA64,0
recurrenceTaylor,13,20001,0.000114132,2.11425675581922e-05,1.32764586286159e-06,26.1.0.3346908 (R2026a) Update 5,GLNXA64,0
reducedTaylor,13,20001,0.001048742,3.8880010322373e-13,1.36276039151889e-14,26.1.0.3346908 (R2026a) Update 5,GLNXA64,0
chebyshevClenshaw,13,20001,0.000177658666666667,2.27028241886162e-09,7.33751331429221e-10,26.1.0.3346908 (R2026a) Update 5,GLNXA64,0
directTaylor,15,20001,0.006947742,7.72785889553103e-07,4.30912323993222e-08,26.1.0.3346908 (R2026a) Update 5,GLNXA64,0
recurrenceTaylor,15,20001,0.000113719777777778,7.72785889638003e-07,4.30912323977471e-08,26.1.0.3346908 (R2026a) Update 5,GLNXA64,1
reducedTaylor,15,20001,0.001056742,1.11022302462516e-15,9.08762208790317e-17,26.1.0.3346908 (R2026a) Update 5,GLNXA64,1
chebyshevClenshaw,15,20001,0.000193158666666667,2.09958851018375e-11,6.76486685695546e-12,26.1.0.3346908 (R2026a) Update 5,GLNXA64,0
directTaylor,17,20001,0.008267742,2.24195105944474e-08,1.12440616358794e-09,26.1.0.3346908 (R2026a) Update 5,GLNXA64,0
recurrenceTaylor,17,20001,0.0001270795,2.24195105095478e-08,1.1244061650798e-09,26.1.0.3346908 (R2026a) Update 5,GLNXA64,1
reducedTaylor,17,20001,0.001093742,3.33066907387547e-16,6.85729554775824e-17,26.1.0.3346908 (R2026a) Update 5,GLNXA64,1
chebyshevClenshaw,17,20001,0.000213822,1.56184312255343e-13,4.90745623815221e-14,26.1.0.3346908 (R2026a) Update 5,GLNXA64,0
directTaylor,19,20001,0.009690742,5.28918402822439e-10,2.41056850737448e-11,26.1.0.3346908 (R2026a) Update 5,GLNXA64,0
recurrenceTaylor,19,20001,0.000141542,5.28918487722043e-10,2.41056837428617e-11,26.1.0.3346908 (R2026a) Update 5,GLNXA64,1
reducedTaylor,19,20001,0.001126742,3.33066907387547e-16,6.85729554775824e-17,26.1.0.3346908 (R2026a) Update 5,GLNXA64,0
chebyshevClenshaw,19,20001,0.000232022,2.33146835171283e-15,7.24619155057623e-16,26.1.0.3346908 (R2026a) Update 5,GLNXA64,1
directTaylor,21,20001,0.010926742,1.03480634383736e-11,4.32232560741318e-13,26.1.0.3346908 (R2026a) Update 5,GLNXA64,0
recurrenceTaylor,21,20001,0.000190492,1.03479785387693e-11,4.32233564125023e-13,26.1.0.3346908 (R2026a) Update 5,GLNXA64,0
reducedTaylor,21,20001,0.001527742,3.33066907387547e-16,6.85729554775824e-17,26.1.0.3346908 (R2026a) Update 5,GLNXA64,0
chebyshevClenshaw,21,20001,0.000256317,2.55351295663786e-15,7.62636942970137e-16,26.1.0.3346908 (R2026a) Update 5,GLNXA64,0
directTaylor,23,20001,0.012186742,1.70408278558472e-13,6.62822050044908e-15,26.1.0.3346908 (R2026a) Update 5,GLNXA64,0
recurrenceTaylor,23,20001,0.000169658666666667,1.70493178162809e-13,6.6261347034157e-15,26.1.0.3346908 (R2026a) Update 5,GLNXA64,1
reducedTaylor,23,20001,0.001222742,3.33066907387547e-16,6.85729554775824e-17,26.1.0.3346908 (R2026a) Update 5,GLNXA64,0
chebyshevClenshaw,23,20001,0.000270567,3.42298888886261e-15,8.73706447481664e-16,26.1.0.3346908 (R2026a) Update 5,GLNXA64,0
directTaylor,25,20001,0.013401742,2.99760216648792e-15,1.66532089073071e-16,26.1.0.3346908 (R2026a) Update 5,GLNXA64,0
recurrenceTaylor,25,20001,0.000183158666666667,2.90783022660612e-15,1.59103750492195e-16,26.1.0.3346908 (R2026a) Update 5,GLNXA64,1
reducedTaylor,25,20001,0.001264742,3.33066907387547e-16,6.85729554775824e-17,26.1.0.3346908 (R2026a) Update 5,GLNXA64,0
chebyshevClenshaw,25,20001,0.000288317,2.55351295663786e-15,7.81310740908228e-16,26.1.0.3346908 (R2026a) Update 5,GLNXA64,0
